202007001	Cecila Jaramillo	F	west	bachelor degree	standard	0	math:72;reading:72;writing:74	72.67 
202007002	Virgil Foltz	F	east	some college	standard	1	math:69;reading:90;writing:88	82.33 
202007003	Christoper Hively	F	west	master degree	standard	0	math:90;reading:95;writing:93	92.67 
202007004	Claribel Farlow	M	north	associate degree	free/reduced	0	math:47;reading:57;writing:44	49.33 
202007005	Josie Ellenberger	M	east	some college	standard	0	math:76;reading:78;writing:75	76.33 
202007006	Melissia Bach	F	west	associate degree	standard	0	math:71;reading:83;writing:78	77.33 
202007007	Annemarie Earheart	F	west	some college	standard	1	math:88;reading:95;writing:92	91.67 
202007008	Jannet Herbert	M	west	some college	free/reduced	0	math:40;reading:43;writing:39	40.67 
202007009	Kesha Halligan	M	south	high school	free/reduced	1	math:64;reading:64;writing:67	65.00 
202007010	Dorie Barcus	F	west	high school	free/reduced	0	math:38;reading:60;writing:50	49.33 
202007011	Letha Foushee	M	east	associate degree	standard	0	math:58;reading:54;writing:52	54.67 
202007012	Judith Ines	M	south	associate degree	standard	0	math:40;reading:52;writing:43	45.00 
202007013	Edythe Bruening	F	west	high school	standard	0	math:65;reading:81;writing:73	73.00 
202007014	Milagros Kaylor	M	north	some college	standard	1	math:78;reading:72;writing:70	73.33 
202007015	Oretha Lueck	F	north	master degree	standard	0	math:50;reading:53;writing:58	53.67 
202007016	Corrinne Malia	F	east	some high school	standard	0	math:69;reading:75;writing:78	74.00 
202007017	Kristel Valles	M	east	high school	standard	0	math:88;reading:89;writing:86	87.67 
202007018	Rashad Fermin	F	west	some high school	free/reduced	0	math:18;reading:32;writing:28	26.00 
202007019	Sharonda Burtt	M	east	master degree	free/reduced	1	math:46;reading:42;writing:46	44.67 
202007020	Melynda Alberto	F	east	associate degree	free/reduced	0	math:54;reading:58;writing:61	57.67 
202007021	Will Mcanally	M	south	high school	standard	0	math:66;reading:69;writing:63	66.00 
202007022	Fatimah Parkhurst	F	west	some college	free/reduced	1	math:65;reading:75;writing:70	70.00 
202007023	Lanny Reagan	M	south	some college	standard	0	math:44;reading:54;writing:53	50.33 
202007024	Toni Pressler	F	east	some high school	standard	0	math:69;reading:73;writing:73	71.67 
202007025	Stasia Fucci	M	south	bachelor degree	free/reduced	1	math:74;reading:71;writing:80	75.00 
202007026	Catina Studstill	M	north	master degree	free/reduced	0	math:73;reading:74;writing:72	73.00 
202007027	Lucrecia Whicker	M	west	some college	standard	0	math:69;reading:54;writing:55	59.33 
202007028	Angelic Vonruden	F	east	bachelor degree	standard	0	math:67;reading:69;writing:75	70.33 
202007029	Kattie Pavlick	M	east	high school	standard	0	math:70;reading:70;writing:65	68.33 
202007030	Candice Quiles	F	south	master degree	standard	0	math:62;reading:70;writing:75	69.00 
202007031	Brain Portugal	F	south	some college	standard	0	math:69;reading:74;writing:74	72.33 
202007032	Kendrick Swiger	F	west	some college	standard	0	math:63;reading:65;writing:61	63.00 
202007033	Gay Bilderback	F	north-east	master degree	free/reduced	0	math:56;reading:72;writing:65	64.33 
202007034	Sunday Eckhardt	M	south	some college	standard	0	math:40;reading:42;writing:38	40.00 
202007035	Dimple Stockwell	M	north-east	some college	standard	0	math:97;reading:87;writing:82	88.67 
202007036	Bill Toman	M	north-east	associate degree	standard	1	math:81;reading:81;writing:79	80.33 
202007037	Catharine Vanderhorst	F	south	associate degree	standard	0	math:74;reading:81;writing:83	79.33 
202007038	Vicente Gersten	F	south	some high school	free/reduced	0	math:50;reading:64;writing:59	57.67 
202007039	Noella Jeter	F	south	associate degree	free/reduced	1	math:75;reading:90;writing:88	84.33 
202007040	Melba Hynd	M	west	associate degree	free/reduced	0	math:57;reading:56;writing:57	56.67 
202007041	Larissa Pawlik	M	east	associate degree	free/reduced	0	math:55;reading:61;writing:54	56.67 
202007042	Romona Mcdonagh	F	east	associate degree	standard	0	math:58;reading:73;writing:68	66.33 
202007043	Dorcas Calbert	F	west	associate degree	standard	0	math:53;reading:58;writing:65	58.67 
202007044	Fannie Cruse	M	west	some college	free/reduced	1	math:59;reading:65;writing:66	63.33 
202007045	Contessa Weyandt	F	north-east	associate degree	free/reduced	0	math:50;reading:56;writing:54	53.33 
202007046	Jeanne Wickham	M	west	associate degree	standard	0	math:65;reading:54;writing:57	58.67 
202007047	Cassey Tootle	F	north	associate degree	standard	1	math:55;reading:65;writing:62	60.67 
202007048	Minh Tester	F	east	high school	standard	0	math:66;reading:71;writing:76	71.00 
202007049	Iesha Westrick	F	south	associate degree	free/reduced	1	math:57;reading:74;writing:76	69.00 
202007050	Ardelle Luttrell	M	east	high school	standard	1	math:82;reading:84;writing:82	82.67 
202007051	Inocencia Grisson	M	north-east	some college	standard	0	math:53;reading:55;writing:48	52.00 
202007052	Kerri Dollins	M	north-east	associate degree	free/reduced	1	math:77;reading:69;writing:68	71.33 
202007053	Fern Bankhead	M	east	some college	standard	0	math:53;reading:44;writing:42	46.33 
202007054	Cammy Niles	M	south	high school	standard	0	math:88;reading:78;writing:75	80.33 
202007055	Ray Rotenberry	F	east	some high school	free/reduced	1	math:71;reading:84;writing:87	80.67 
202007056	Buford Caouette	F	east	high school	free/reduced	0	math:33;reading:41;writing:43	39.00 
202007057	Shala Ector	F	north-east	associate degree	standard	1	math:82;reading:85;writing:86	84.33 
202007058	Bernetta Luther	M	south	associate degree	standard	0	math:52;reading:55;writing:49	52.00 
202007059	Jasmin Heatherington	M	south	some college	standard	1	math:58;reading:59;writing:58	58.33 
202007060	Marcelo Parisi	F	east	some high school	free/reduced	0	math:0;reading:17;writing:10	9.00 
202007061	Queen Puga	M	north-east	bachelor degree	free/reduced	1	math:79;reading:74;writing:72	75.00 
202007062	Brittney Ferrero	M	north	some high school	free/reduced	0	math:39;reading:39;writing:34	37.33 
202007063	Mallory Wire	M	north	associate degree	free/reduced	0	math:62;reading:61;writing:55	59.33 
202007064	Oralee Mccardle	F	east	associate degree	standard	0	math:69;reading:80;writing:71	73.33 
202007065	Ginette Levenson	F	south	some high school	standard	0	math:59;reading:58;writing:59	58.67 
202007066	Michale Dilullo	M	west	some high school	standard	0	math:67;reading:64;writing:61	64.00 
202007067	Rudolph Barriga	M	south	some high school	free/reduced	0	math:45;reading:37;writing:37	39.67 
202007068	Una Dangerfield	F	east	some college	standard	0	math:60;reading:72;writing:74	68.67 
202007069	Dalton Smits	M	west	associate degree	free/reduced	0	math:61;reading:58;writing:56	58.33 
202007070	Yessenia Eshbaugh	F	east	associate degree	standard	0	math:39;reading:64;writing:57	53.33 
202007071	Altha Milburn	F	south	some college	free/reduced	1	math:58;reading:63;writing:73	64.67 
202007072	Melania Willeford	M	south	some college	standard	1	math:63;reading:55;writing:63	60.33 
202007073	Luana Few	F	north	associate degree	free/reduced	0	math:41;reading:51;writing:48	46.67 
202007074	Eleanora Labrum	M	east	some high school	free/reduced	0	math:61;reading:57;writing:56	58.00 
202007075	Carter Hobdy	M	east	some high school	standard	0	math:49;reading:49;writing:41	46.33 
202007076	Germaine Mcnichol	M	west	associate degree	free/reduced	0	math:44;reading:41;writing:38	41.00 
202007077	Eboni Dollard	M	north-east	some high school	standard	0	math:30;reading:26;writing:22	26.00 
202007078	Rheba Spagnuolo	M	north	bachelor degree	standard	1	math:80;reading:78;writing:81	79.67 
202007079	Shyla Grey	F	south	some high school	standard	1	math:61;reading:74;writing:72	69.00 
202007080	Providencia Hewey	F	north-east	master degree	standard	0	math:62;reading:68;writing:68	66.00 
202007081	Joline Lemire	F	west	associate degree	standard	0	math:47;reading:49;writing:50	48.67 
202007082	Krissy Weishaar	M	west	high school	free/reduced	0	math:49;reading:45;writing:45	46.33 
202007083	Lynell Mauzy	M	north	some college	free/reduced	1	math:50;reading:47;writing:54	50.33 
202007084	George Aylor	M	north-east	associate degree	standard	0	math:72;reading:64;writing:63	66.33 
202007085	Bee Mckinzie	M	south	high school	free/reduced	0	math:42;reading:39;writing:34	38.33 
202007086	Caroline Pugsley	F	east	some college	standard	0	math:73;reading:80;writing:82	78.33 
202007087	Meta Prall	F	east	some college	free/reduced	0	math:76;reading:83;writing:88	82.33 
202007088	Alia Young	F	south	associate degree	standard	0	math:71;reading:71;writing:74	72.00 
202007089	Belle Leishman	F	north	some college	standard	0	math:58;reading:70;writing:67	65.00 
202007090	Devin Reyer	F	south	some high school	standard	0	math:73;reading:86;writing:82	80.33 
202007091	Nova Henke	F	east	bachelor degree	standard	0	math:65;reading:72;writing:74	70.33 
202007092	Norris Unger	M	east	high school	free/reduced	0	math:27;reading:34;writing:36	32.33 
202007093	Ranae Dowling	M	east	high school	standard	0	math:71;reading:79;writing:71	73.67 
202007094	Garland Rowles	M	east	associate degree	free/reduced	1	math:43;reading:45;writing:50	46.00 
202007095	Loura Hubner	F	west	some college	standard	0	math:79;reading:86;writing:92	85.67 
202007096	Shanna Dishman	M	east	associate degree	free/reduced	1	math:78;reading:81;writing:82	80.33 
202007097	Lelah Sacks	M	west	some high school	standard	1	math:65;reading:66;writing:62	64.33 
202007098	Shaunna Brockman	F	north-east	some college	standard	1	math:63;reading:72;writing:70	68.33 
202007099	Belinda Hier	F	south	some college	free/reduced	0	math:58;reading:67;writing:62	62.33 
202007100	Malika Pratts	F	south	bachelor degree	standard	0	math:65;reading:67;writing:62	64.67 
